air_quality_us-epa-index,air_quality_gb-defra-index,temperature_celsius,pressure_mb,feels_like_celsius,gust_kph,humidity,air_quality_Carbon_Monoxide,air_quality_Ozone,air_quality_PM10,air_quality_us-epa-index_1,air_quality_us-epa-index_3,air_quality_us-epa-index_2,air_quality_us-epa-index_4,air_quality_us-epa-index_5,air_quality_us-epa-index_6,air_quality_gb-defra-index_1,air_quality_gb-defra-index_7,air_quality_gb-defra-index_3,air_quality_gb-defra-index_2,air_quality_gb-defra-index_5,air_quality_gb-defra-index_10,air_quality_gb-defra-index_4,air_quality_gb-defra-index_9,air_quality_gb-defra-index_8,air_quality_gb-defra-index_6
0.33561936494074524,0.5354438876447744,0.21516574145596765,0.21516574145596765,0.21516574145596765,0.21516574145596765,0.21516574145596765,0.21516574145596765,0.21516574145596765,0.21516574145596765,0.21516574145596765,0.21516574145596765,0.21516574145596765,0.21516574145596765,0.21516574145596765,0.21516574145596765,0.21516574145596765,0.21516574145596765,0.21516574145596765,0.21516574145596765,0.21516574145596765,0.21516574145596765,0.21516574145596765,0.21516574145596765,0.21516574145596765,0.21516574145596765
