wind_direction,air_quality_us-epa-index,air_quality_gb-defra-index,temperature_celsius,humidity,visibility_km,uv_index,cloud,air_quality_Ozone,air_quality_Nitrogen_dioxide,wind_direction_NNW,wind_direction_N,wind_direction_NE,wind_direction_S,wind_direction_SW,wind_direction_SE,wind_direction_NW,wind_direction_SSW,wind_direction_WNW,wind_direction_W,wind_direction_ESE,wind_direction_E,wind_direction_NNE,wind_direction_ENE,wind_direction_SSE,wind_direction_WSW,air_quality_us-epa-index_1,air_quality_us-epa-index_3,air_quality_us-epa-index_2,air_quality_us-epa-index_4,air_quality_us-epa-index_5,air_quality_us-epa-index_6,air_quality_gb-defra-index_1,air_quality_gb-defra-index_7,air_quality_gb-defra-index_3,air_quality_gb-defra-index_2,air_quality_gb-defra-index_5,air_quality_gb-defra-index_10,air_quality_gb-defra-index_4,air_quality_gb-defra-index_9,air_quality_gb-defra-index_8,air_quality_gb-defra-index_6
1.5492230498190913,0.6225590147734001,0.9932246287916766,0.16294123891261472,0.16294123891261472,0.16294123891261472,0.16294123891261472,0.16294123891261472,0.16294123891261472,0.16294123891261472,0.16294123891261472,0.16294123891261472,0.16294123891261472,0.16294123891261472,0.16294123891261472,0.16294123891261472,0.16294123891261472,0.16294123891261472,0.16294123891261472,0.16294123891261472,0.16294123891261472,0.16294123891261472,0.16294123891261472,0.16294123891261472,0.16294123891261472,0.16294123891261472,0.16294123891261472,0.16294123891261472,0.16294123891261472,0.16294123891261472,0.16294123891261472,0.16294123891261472,0.16294123891261472,0.16294123891261472,0.16294123891261472,0.16294123891261472,0.16294123891261472,0.16294123891261472,0.16294123891261472,0.16294123891261472,0.16294123891261472,0.16294123891261472
